Time,UnixTime,Hr
28.1017410755157,1631867669.14859,89.29817
28.8049008846283,1631867669.85175,85.3294
29.4611809253693,1631867670.50803,91.42432
30.1174609661102,1631867671.16431,91.42435
30.7893710136414,1631867671.83622,89.29817
