Time,UnixTime,Hr
-5.66144871711731,1632543387.41347,153.5929
