Time,UnixTime,Ibi
-5.66144871711731,1632543387.41347,0.3906431
