{"train_losses": [1.0407939357544058], "val_losses": [1.0161509662866592], "train_accs": [55.11310634328358], "val_accs": [53.759765625], "train_acc": 55.11310634328358, "val_acc": 53.759765625, "test_acc": 56.005859375, "exp_name": "exp1_lr", "device": "cpu", "x_frames": 1, "y_frames": 3, "hid_dim": 10, "n_filters": 64, "filter_size": 1, "str_len": 1, "l2": 1e-05, "dropout": 0.5, "use_bn": true, "lr": 0.001, "n_layers": 1, "data": "data/ProcessedData_1.csv", "input_dim": 5, "model": "LSTM", "optim": "Adam", "batch_size": 256}