{"train_losses": [0.9898161896985703], "val_losses": [0.9034597783377676], "train_accs": [55.75046468401487], "val_accs": [59.09090909090909], "train_acc": 55.75046468401487, "val_acc": 59.09090909090909, "test_acc": 61.25919117647059, "exp_name": "exp1_lr", "device": "cpu", "x_frames": 1, "y_frames": 3, "hid_dim": 10, "n_filters": 64, "filter_size": 1, "str_len": 1, "l2": 1e-05, "dropout": 0.5, "use_bn": true, "lr": 0.001, "n_layers": 1, "data": "data/ProcessedData_1.csv", "input_dim": 5, "model": "LSTM", "optim": "Adam", "batch_size": 64}