{"train_losses": [0.2014271307097924, 0.12476205882912099, 0.10562477883492671, 0.09607323476135403, 0.09078115722041803, 0.08453682498735804, 0.07948757813829689, 0.07624562058717364, 0.07252380590236154, 0.07027569206469264], "val_losses": [0.13310435866131573, 0.1114072970592895, 0.10264640366281005, 0.0886598906567874, 0.08842389926163328, 0.1083073321874631, 0.08289210464981561, 0.07268147554399597, 0.080682649594933, 0.0745989796390908], "train_accs": [93.45307221283784, 95.27554898648648, 96.01720861486487, 96.42235008445945, 96.63349873310811, 96.84332770270271, 96.97529560810811, 97.09670608108108, 97.21019847972973, 97.27750211148648], "val_accs": [95.08023648648648, 95.74535472972973, 95.97761824324324, 96.75886824324324, 96.484375, 95.34417229729729, 96.72719594594595, 97.16005067567568, 96.86444256756756, 96.99113175675676], "train_acc": 97.27750211148648, "val_acc": 96.99113175675676, "test_acc": 97.12837837837837, "exp_name": "exp1_lr", "device": "cuda", "x_frames": 1, "y_frames": 3, "hid_dim": 10, "n_filters": 64, "filter_size": 1, "str_len": 1, "l2": 1e-05, "dropout": 0.5, "use_bn": true, "lr": 0.001, "n_layers": 1, "data": "data/ProcessedData_1.csv", "input_dim": 5, "model": "Conv1D", "optim": "Adam", "batch_size": 64}