{"train_losses": [0.0006314009369301302, 0.0005563426434315374, 0.0005980315633896245, 0.0005157385755627717, 0.0007083492856814572, 0.00048433462929428, 0.0009262102441851877, 0.0006854455982525447, 0.0006058815245750527, 0.0005339252252785354], "val_losses": [0.006285484875988942, 0.005221796311986812, 0.00513842843865987, 0.005471482816130416, 0.004988059243990517, 0.004535610039963737, 0.004946626654282173, 0.005080899411942899, 0.004564886988655556, 0.004465012095893614], "train_accs": [0.012054214254021645, 0.01113344170153141, 0.009275579825043678, 0.012056788429617882, 0.00927815679460764, 0.012058509513735771, 0.008350513875484467, 0.010203219018876553, 0.011131725274026394, 0.011132583022117615], "val_accs": [0.09000279009342194, 0.09000278264284134, 0.0825401097536087, 0.0825401097536087, 0.09000279009342194, 0.09000279009342194, 0.0825401097536087, 0.0825401097536087, 0.09000279009342194, 0.09000279009342194], "train_acc": 0.011132583022117615, "val_acc": 0.09000279009342194, "test_acc": 0.07473661005496979, "exp_name": "exp1_lr", "device": "cpu", "x_frames": 1, "y_frames": 3, "hid_dim": 10, "n_filters": 64, "filter_size": 1, "str_len": 1, "l2": 1e-05, "dropout": 0.5, "use_bn": true, "lr": 0.001, "n_layers": 1, "data": "data/ProcessedData_1.csv", "input_dim": 5, "model": "ConvLSTM", "optim": "Adam", "batch_size": 16}