{"train_losses": [0.820668281454136, 0.7121270327763043, 0.6970759694461043, 0.688906951464685, 0.679595112357441, 0.6686726756477002, 0.6594804084433942, 0.6466334908646721, 0.6332917503707914, 0.6201425317716421], "val_losses": [0.7241772250695662, 0.7070367245963125, 0.697471224900448, 0.6896957646716725, 0.6784173954616893, 0.6706368706443093, 0.6706374070861123, 0.6335956002726699, 0.6196414150974967, 0.6263023714224497], "train_accs": [62.97630111524163, 69.6967936802974, 70.46933085501858, 70.80622676579925, 71.1489312267658, 71.61361524163569, 71.7878717472119, 72.12476765799256, 72.28740706319702, 73.03090148698885], "val_accs": [68.41856060606061, 68.79734848484848, 69.6969696969697, 69.60227272727273, 70.17045454545455, 70.45454545454545, 70.45454545454545, 71.5909090909091, 71.92234848484848, 71.875], "train_acc": 73.03090148698885, "val_acc": 71.875, "test_acc": 70.3125, "exp_name": "exp1_lr", "device": "cpu", "x_frames": 1, "y_frames": 3, "hid_dim": 10, "n_filters": 64, "filter_size": 1, "str_len": 1, "l2": 1e-05, "dropout": 0.5, "use_bn": true, "lr": 0.001, "n_layers": 1, "data": "data/ProcessedData_1.csv", "input_dim": 5, "model": "Conv1D", "optim": "Adam", "batch_size": 64}