{"train_losses": [0.39208114317718995, 0.23361568266802743, 0.21541241449115142, 0.19703488384146947, 0.18239930757585712, 0.17191103958159787, 0.1643488635592213, 0.15801748067039895, 0.15244657951847626, 0.14816202548634563], "val_losses": [0.25593347444727615, 0.2351590615974085, 0.2132512277143227, 0.19450913017263283, 0.18039746355970163, 0.1708852224354003, 0.16382265244484753, 0.15715287351427046, 0.1514805193134659, 0.1481248569246885], "train_accs": [87.62932854729729, 92.9542335304054, 93.14294763513513, 93.23664484797297, 93.33298141891892, 93.3884079391892, 93.44779349662163, 93.58767947635135, 93.68269636824324, 93.82126266891892], "val_accs": [92.46199324324324, 92.74704391891892, 92.76815878378379, 92.9054054054054, 92.97930743243244, 93.05320945945945, 93.19045608108108, 93.45439189189189, 93.59163851351352, 93.69721283783784], "train_acc": 93.82126266891892, "val_acc": 93.69721283783784, "test_acc": 93.61275337837837, "exp_name": "exp1_lr", "device": "cuda", "x_frames": 1, "y_frames": 3, "hid_dim": 10, "n_filters": 64, "filter_size": 1, "str_len": 1, "l2": 1e-05, "dropout": 0.5, "use_bn": true, "lr": 0.001, "n_layers": 1, "data": "data/ProcessedData_1.csv", "input_dim": 5, "model": "LSTM", "optim": "Adam", "batch_size": 64}