{"train_losses": [0.0007491839990284807, 0.0007206437610815693, 0.0006000694760491287, 0.0007735602468787607, 0.0007422001978845976, 0.0006034095833662922, 0.0005839094267195764, 0.0006743452946937099, 0.0006929696668590789, 0.0005171366322052628], "val_losses": [0.006252337275844789, 0.005972287867974967, 0.005783755354178892, 0.005683099087032625, 0.005894719251439995, 0.0057283713187751, 0.005650877550904395, 0.005707324798250242, 0.005666152824798306, 0.0056412323729192184], "train_accs": [0.008350512944161892, 0.009274720214307308, 0.011131725274026394, 0.00927815679460764, 0.009274723008275032, 0.012059369124472141, 0.011131725274026394, 0.011127429082989693, 0.00927815493196249, 0.012983576394617558], "val_accs": [0.08281772583723068, 0.08281772583723068, 0.08276203274726868, 0.08276203274726868, 0.08276203274726868, 0.08276203274726868, 0.08276203274726868, 0.08276203274726868, 0.0902247205376625, 0.08276203274726868], "train_acc": 0.012983576394617558, "val_acc": 0.08276203274726868, "test_acc": 0.09695923328399658, "exp_name": "exp1_lr", "device": "cpu", "x_frames": 1, "y_frames": 3, "hid_dim": 10, "n_filters": 64, "filter_size": 1, "str_len": 1, "l2": 1e-05, "dropout": 0.5, "use_bn": true, "lr": 0.001, "n_layers": 1, "data": "data/ProcessedData_1.csv", "input_dim": 5, "model": "LSTM", "optim": "Adam", "batch_size": 16}