{"train_losses": [0.9311071358509918, 0.7675367967406316, 0.7190772392856541, 0.7113111383879362, 0.6996724694522459, 0.6916236192432802, 0.6861183883538887, 0.6787806206674718, 0.673187115299168, 0.6695934711997189], "val_losses": [0.7982099577784538, 0.6934796497225761, 0.668753556907177, 0.6722286194562912, 0.6593870669603348, 0.6463434249162674, 0.649134136736393, 0.6343692615628242, 0.6289547383785248, 0.6251382082700729], "train_accs": [58.214785447761194, 65.54337686567165, 69.38549440298507, 69.64785447761194, 70.16674440298507, 70.77891791044776, 70.83138992537313, 70.97131529850746, 71.00629664179104, 71.0995802238806], "val_accs": [62.451171875, 70.3125, 72.36328125, 72.216796875, 72.314453125, 72.55859375, 72.65625, 72.65625, 72.802734375, 72.802734375], "train_acc": 71.0995802238806, "val_acc": 72.802734375, "test_acc": 70.80078125, "exp_name": "exp1_lr", "device": "cpu", "x_frames": 1, "y_frames": 3, "hid_dim": 10, "n_filters": 64, "filter_size": 1, "str_len": 1, "l2": 1e-05, "dropout": 0.5, "use_bn": true, "lr": 0.001, "n_layers": 1, "data": "data/ProcessedData_1.csv", "input_dim": 5, "model": "Conv1D", "optim": "Adam", "batch_size": 256}