{"train_losses": [0.03395892847934661, 3.957376604268693e-06, 1.717630973022353e-06, 1.8719511337113238e-06, 2.0243525487441073e-06, 2.0911429035218287e-06, 2.3704560191424165e-06, 2.2695598496561217e-06, 2.5363084849140528e-06, 2.695750292508547e-06], "val_losses": [5.475584206155169e-08, 3.3911962878042076e-08, 4.632959493998368e-08, 2.7052700162903035e-08, 4.2870398641971254e-08, 2.016387089573545e-08, 2.4480476783283492e-08, 5.706198043881502e-08, 3.479893889096135e-08, 5.478541537184262e-08], "train_accs": [99.9968998015873, 100.0, 100.0, 100.0, 100.0, 100.0, 100.0, 100.0, 100.0, 100.0], "val_accs": [100.0, 100.0, 100.0, 100.0, 100.0, 100.0, 100.0, 100.0, 100.0, 100.0], "train_acc": 100.0, "val_acc": 100.0, "test_acc": 100.0, "exp_name": "exp1_lr", "device": "cuda", "x_frames": 1, "y_frames": 3, "hid_dim": 10, "n_filters": 64, "filter_size": 1, "str_len": 1, "l2": 1e-05, "dropout": 0.5, "use_bn": true, "lr": 0.001, "n_layers": 1, "data": "data/ProcessedData_3.csv", "input_dim": 6, "model": "Conv1D", "optim": "Adam", "batch_size": 64}