{"train_losses": [0.0015495166900990804, 0.0013959446865376961, 0.0017465607405888174, 0.0013731919334885653, 0.0013605692725441392, 0.0015334617803970652, 0.0011195455940867477, 0.0011042607682476338, 0.0011598375590009251, 0.0009092134861472119], "val_losses": [0.01098989480472806, 0.011323451802445761, 0.010459575804476115, 0.010358550263970505, 0.010602293247748858, 0.010596090955997534, 0.010718669552335183, 0.01098425579038105, 0.010136022719646686, 0.011202937109788858], "train_accs": [0.035333242267370224, 0.04273025691509247, 0.033464137464761734, 0.042733725160360336, 0.03904376178979874, 0.039030030369758606, 0.042744044214487076, 0.046461474150419235, 0.04275782033801079, 0.052044566720724106], "val_accs": [0.34804269671440125, 0.30304718017578125, 0.3478199541568756, 0.3475971519947052, 0.33311736583709717, 0.3331206440925598, 0.33289459347724915, 0.33289459347724915, 0.34781989455223083, 0.3328978717327118], "train_acc": 0.052044566720724106, "val_acc": 0.3328978717327118, "test_acc": 0.3287907838821411, "exp_name": "exp1_lr", "device": "cpu", "x_frames": 1, "y_frames": 3, "hid_dim": 10, "n_filters": 64, "filter_size": 1, "str_len": 1, "l2": 1e-05, "dropout": 0.5, "use_bn": true, "lr": 0.001, "n_layers": 1, "data": "data/ProcessedData_1.csv", "input_dim": 5, "model": "ConvLSTM", "optim": "Adam", "batch_size": 32}