{"train_losses": [0.23331269375898595, 0.01906441302373192, 0.01046500340360956, 0.007271187932120584, 0.005302448148699662, 0.004428828642168868, 0.0033194224182922865, 0.0026644662167012623, 0.002390898252549902, 0.002295820908012314], "val_losses": [0.005249636757764078, 0.0010498593106777186, 0.00034339051778679565, 0.0001363588232798354, 6.139505340898823e-05, 2.9325063223950565e-05, 1.4662690787984517e-05, 7.766372431115808e-06, 4.0531081140215974e-06, 2.1457647108036326e-06], "train_accs": [89.2733134920635, 99.89459325396825, 99.91939484126983, 100.0, 100.0, 100.0, 100.0, 100.0, 100.0, 100.0], "val_accs": [100.0, 100.0, 100.0, 100.0, 100.0, 100.0, 100.0, 100.0, 100.0, 100.0], "train_acc": 100.0, "val_acc": 100.0, "test_acc": 100.0, "exp_name": "exp1_lr", "device": "cuda", "x_frames": 1, "y_frames": 3, "hid_dim": 10, "n_filters": 64, "filter_size": 1, "str_len": 1, "l2": 1e-05, "dropout": 0.5, "use_bn": true, "lr": 0.001, "n_layers": 1, "data": "data/ProcessedData_3.csv", "input_dim": 6, "model": "ConvLSTM", "optim": "Adam", "batch_size": 64}