{"train_losses": [0.34636527707649245, 0.20050081350790286, 0.1467444465678135, 0.1274877274519059, 0.11675790304670462, 0.10621689633242912, 0.10153836699916881, 0.09352896765591828, 0.0856530377263757, 0.07934572523447207], "val_losses": [0.23729244146395373, 0.14255967255480387, 0.11132658363596813, 0.10002029431681778, 0.0986409188386657, 0.08839410900868275, 0.08336024669728972, 0.07955806679721619, 0.07462892277367614, 0.07633491104777046], "train_accs": [91.2254539695946, 93.12579180743244, 94.90867820945945, 95.75327280405405, 96.1280616554054, 96.42366976351352, 96.62162162162163, 96.86972128378379, 97.04523859797297, 97.17588682432432], "val_accs": [92.68369932432432, 95.05912162162163, 95.94594594594595, 96.38935810810811, 96.5477195945946, 96.92778716216216, 97.14949324324324, 97.21283783783784, 97.14949324324324, 97.36064189189189], "train_acc": 97.17588682432432, "val_acc": 97.36064189189189, "test_acc": 97.27618243243244, "exp_name": "exp1_lr", "device": "cuda", "x_frames": 1, "y_frames": 3, "hid_dim": 10, "n_filters": 64, "filter_size": 1, "str_len": 1, "l2": 1e-05, "dropout": 0.5, "use_bn": true, "lr": 0.001, "n_layers": 1, "data": "data/ProcessedData_1.csv", "input_dim": 5, "model": "ConvLSTM", "optim": "Adam", "batch_size": 64}