{"train_losses": [0.7941851854213757, 0.7133976052997285, 0.6928836502038039, 0.6748043952271314, 0.6549541287829128, 0.6375456646997102, 0.6199875991508116, 0.6121976480081484, 0.5992861020211165, 0.5855229187874272], "val_losses": [0.7166201143122432, 0.6940862331817399, 0.6768813591394851, 0.6730604714422084, 0.6725322288363728, 0.6712839020721948, 0.6296900399585268, 0.6315158494372866, 0.6092371660382, 0.6191985562666139], "train_accs": [64.38427643784787, 69.68923933209648, 70.64007421150278, 70.95895176252318, 71.60830241187384, 71.944573283859, 72.46637291280149, 72.8606215213358, 73.33024118738405, 73.8752319109462], "val_accs": [70.47574626865672, 71.12873134328358, 70.7089552238806, 70.80223880597015, 70.84888059701493, 70.56902985074628, 71.73507462686567, 71.73507462686567, 72.90111940298507, 71.36194029850746], "train_acc": 73.8752319109462, "val_acc": 71.36194029850746, "test_acc": 72.05882352941177, "exp_name": "exp1_lr", "device": "cpu", "x_frames": 1, "y_frames": 3, "hid_dim": 10, "n_filters": 64, "filter_size": 1, "str_len": 1, "l2": 1e-05, "dropout": 0.5, "use_bn": true, "lr": 0.001, "n_layers": 1, "data": "data/ProcessedData_1.csv", "input_dim": 5, "model": "Conv1D", "optim": "Adam", "batch_size": 32}