{"train_losses": [0.7783626498062374, 0.7095707324337804, 0.6851592812138205, 0.6612776220397224, 0.6412165848826566, 0.625528893860763, 0.6037275019594649, 0.5917460052667667, 0.5741334518588617, 0.5583962868136095], "val_losses": [0.6963457442931275, 0.6768145805864192, 0.6858805929546925, 0.6589218607144569, 0.6146076826462105, 0.5938074717770762, 0.5728450902362368, 0.5610693319519954, 0.5536420963593384, 0.5272108847970394], "train_accs": [65.29772937905469, 69.90848007414273, 70.60356811862836, 71.66357738646896, 71.87789620018536, 72.03429101019462, 72.55560704355885, 72.87998146431882, 73.95157553290083, 74.54240037071362], "val_accs": [70.24253731343283, 70.66231343283582, 70.1026119402985, 72.10820895522389, 73.36753731343283, 73.27425373134328, 73.97388059701493, 74.16044776119404, 74.48694029850746, 75.60634328358209], "train_acc": 74.54240037071362, "val_acc": 75.60634328358209, "test_acc": 75.0, "exp_name": "exp1_lr", "device": "cpu", "x_frames": 1, "y_frames": 3, "hid_dim": 10, "n_filters": 64, "filter_size": 1, "str_len": 1, "l2": 1e-05, "dropout": 0.5, "use_bn": true, "lr": 0.001, "n_layers": 2, "data": "data/ProcessedData_1.csv", "input_dim": 5, "model": "Conv1D", "optim": "Adam", "batch_size": 16}