{"train_losses": [0.29980708940679, 0.011850428226078668, 0.0034406652677774667, 0.0017026025836082502, 0.0010099552143531451, 0.000657785966015783, 0.0004538260209734463, 0.000325784887132209, 0.00024097874608294603, 0.0001827068866236553], "val_losses": [0.027744742879082285, 0.005228195494661729, 0.002276764886956366, 0.0012719007153507498, 0.000800000567410496, 0.0005393815226852894, 0.0003808236908211949, 0.0002780388315422608, 0.00020845974162627485, 0.00015992155813220296], "train_accs": [99.47296626984127, 100.0, 100.0, 100.0, 100.0, 100.0, 100.0, 100.0, 100.0, 100.0], "val_accs": [100.0, 100.0, 100.0, 100.0, 100.0, 100.0, 100.0, 100.0, 100.0, 100.0], "train_acc": 100.0, "val_acc": 100.0, "test_acc": 100.0, "exp_name": "exp1_lr", "device": "cuda", "x_frames": 1, "y_frames": 3, "hid_dim": 10, "n_filters": 64, "filter_size": 1, "str_len": 1, "l2": 1e-05, "dropout": 0.5, "use_bn": true, "lr": 0.001, "n_layers": 1, "data": "data/ProcessedData_3.csv", "input_dim": 6, "model": "LSTM", "optim": "Adam", "batch_size": 64}