{"train_losses": [0.8893716962479833, 0.736062222452306, 0.7122062106630695, 0.7001654016437815, 0.6933032581165656, 0.6819917226015632, 0.6684904147439928, 0.6612506673407199, 0.6473941718464467, 0.6312789701258958], "val_losses": [0.7593790926039219, 0.7177748717367649, 0.6980481892824173, 0.6939992159605026, 0.6806812100112438, 0.6711883582174778, 0.66021728515625, 0.6653662919998169, 0.629357386380434, 0.6209468096494675], "train_accs": [58.87360074626866, 68.45265858208955, 70.35331156716418, 70.76142723880596, 70.86054104477611, 71.1112406716418, 71.65345149253731, 71.55433768656717, 71.82835820895522, 72.58045708955224], "val_accs": [68.84765625, 68.896484375, 69.580078125, 70.01953125, 70.166015625, 70.556640625, 70.41015625, 69.62890625, 71.6796875, 71.484375], "train_acc": 72.58045708955224, "val_acc": 71.484375, "test_acc": 71.18566176470588, "exp_name": "exp1_lr", "device": "cpu", "x_frames": 1, "y_frames": 3, "hid_dim": 10, "n_filters": 64, "filter_size": 1, "str_len": 1, "l2": 1e-05, "dropout": 0.5, "use_bn": true, "lr": 0.001, "n_layers": 1, "data": "data/ProcessedData_1.csv", "input_dim": 5, "model": "Conv1D", "optim": "Adam", "batch_size": 128}