{"train_losses": [0.0076885169005628945, 0.006631967397783212, 0.0063287013364761585, 0.006422599793479931, 0.00571577200900561, 0.005839493635588252, 0.005496065493317625, 0.005626750161480647, 0.0058717276670148194, 0.005288004056212365], "val_losses": [0.061999964398033784, 0.05653782549688937, 0.05344403783613399, 0.05108259101686351, 0.0489830312995962, 0.04775923429218266, 0.04701194674371673, 0.04601888898778957, 0.04567939888505404, 0.04519462019565688], "train_accs": [0.4441738426685333, 0.6015074849128723, 0.5787794589996338, 0.5712050199508667, 0.6241731643676758, 0.6324729323387146, 0.684263288974762, 0.6395483016967773, 0.6170467734336853, 0.6914491653442383], "val_accs": [5.2452497482299805, 5.703830718994141, 5.695771217346191, 5.77025032043457, 5.9030842781066895, 6.107058048248291, 6.298725605010986, 6.107303142547607, 6.298969745635986, 6.295063495635986], "train_acc": 0.6914491653442383, "val_acc": 6.295063495635986, "test_acc": 4.943861484527588, "exp_name": "exp1_lr", "device": "cpu", "x_frames": 1, "y_frames": 3, "hid_dim": 10, "n_filters": 64, "filter_size": 1, "str_len": 1, "l2": 1e-05, "dropout": 0.5, "use_bn": true, "lr": 0.001, "n_layers": 1, "data": "data/ProcessedData_1.csv", "input_dim": 5, "model": "LSTM", "optim": "Adam", "batch_size": 128}