{"train_losses": [0.1523794957772932, 0.012518413090479694, 0.006749138192390092, 0.004900811643488446, 0.003549697871517671, 0.0027882402466188764, 0.001988237617744802, 0.001840098904801654, 0.0015215243810099122, 0.0012252346888912836], "val_losses": [0.0037011519325749268, 0.0007513905431897868, 0.0002586001318709422, 0.00010791172884175525, 4.938822178426938e-05, 2.4344124424729555e-05, 1.2664867614466136e-05, 6.664845502186042e-06, 3.5810317310986447e-06, 2.042698313397566e-06], "train_accs": [100.0, 100.0, 100.0, 100.0, 100.0, 100.0, 100.0, 100.0, 100.0, 100.0], "val_accs": [100.0, 100.0, 100.0, 100.0, 100.0, 100.0, 100.0, 100.0, 100.0, 100.0], "train_acc": 100.0, "val_acc": 100.0, "test_acc": 100.0, "exp_name": "exp1_lr", "device": "cuda", "x_frames": 1, "y_frames": 3, "hid_dim": 10, "n_filters": 64, "filter_size": 1, "str_len": 1, "l2": 1e-05, "dropout": 0.5, "use_bn": true, "lr": 0.001, "n_layers": 1, "data": "data/ProcessedData_2.csv", "input_dim": 62, "model": "ConvLSTM", "optim": "Adam", "batch_size": 64}