{"train_losses": [0.21749217627016273, 0.12546944625147088, 0.10521312371978687, 0.08480570594877684, 0.06958367966659795, 0.06007688398893004, 0.05289839764068224, 0.04860979518963251, 0.04516327405026705, 0.04236104154719018], "val_losses": [0.1364668756975113, 0.11308337555493454, 0.09508934341421402, 0.07537079854188738, 0.07533211081062217, 0.060168465744150246, 0.053765733896226096, 0.05495978030376136, 0.04611750983796712, 0.04354529688449425], "train_accs": [92.45935388513513, 94.56688133445945, 94.78330869932432, 96.43026815878379, 97.2801414695946, 97.51372466216216, 97.76578336148648, 97.8172508445946, 97.90962837837837, 98.0125633445946], "val_accs": [94.4045608108108, 94.7951858108108, 95.27027027027027, 97.37119932432432, 95.79814189189189, 97.58234797297297, 97.61402027027027, 97.44510135135135, 98.00464527027027, 98.09966216216216], "train_acc": 98.0125633445946, "val_acc": 98.09966216216216, "test_acc": 98.32136824324324, "exp_name": "exp1_lr", "device": "cuda", "x_frames": 1, "y_frames": 3, "hid_dim": 10, "n_filters": 64, "filter_size": 1, "str_len": 1, "l2": 1e-05, "dropout": 0.5, "use_bn": true, "lr": 0.001, "n_layers": 1, "data": "data/ProcessedData_2.csv", "input_dim": 62, "model": "LSTM", "optim": "Adam", "batch_size": 64}