{"train_losses": [0.7784548307923501, 0.712255328065052, 0.6881687623466796, 0.6677028004276852, 0.6453409088884271, 0.6242072125266723, 0.6066262487656988, 0.5865353354985676, 0.5737143616443215, 0.5568222081197203], "val_losses": [0.7201124890081918, 0.7073541417050717, 0.6803540425069297, 0.6638898500310841, 0.6194802115657436, 0.6110322468761188, 0.6103709014271622, 0.5693522195762662, 0.5529135365539523, 0.5546881887894958], "train_accs": [65.74953660797034, 69.50880444856348, 70.3255329008341, 70.84684893419833, 71.47822057460611, 71.92423540315107, 71.9763670064875, 72.56139944392956, 73.09430027803522, 73.77780352177942], "val_accs": [68.00373134328358, 68.70335820895522, 69.9160447761194, 69.82276119402985, 70.94216417910448, 70.56902985074628, 70.33582089552239, 71.31529850746269, 71.875, 71.92164179104478], "train_acc": 73.77780352177942, "val_acc": 71.92164179104478, "test_acc": 74.86111111111111, "exp_name": "exp1_lr", "device": "cpu", "x_frames": 1, "y_frames": 3, "hid_dim": 10, "n_filters": 64, "filter_size": 1, "str_len": 1, "l2": 1e-05, "dropout": 0.5, "use_bn": true, "lr": 0.001, "n_layers": 1, "data": "data/ProcessedData_1.csv", "input_dim": 5, "model": "Conv1D", "optim": "Adam", "batch_size": 16}