{"train_losses": [0.00166245663492829, 0.0011886952226320211, 0.001408890963132036, 0.0014137386890090643, 0.001391976868211446, 0.0012325304506332628, 0.0011025806577575805, 0.0012784220979146232, 0.0011565455093852323, 0.0008011593589928728], "val_losses": [0.011124438298397448, 0.010462073645500704, 0.010121540346668753, 0.010047232980535422, 0.009934004304149844, 0.009761613688774201, 0.009733981454747362, 0.00971790958447923, 0.00961379933628326, 0.009788588962346127], "train_accs": [0.03347101807594299, 0.046464953571558, 0.040885332971811295, 0.04090595245361328, 0.03902658447623253, 0.042737122625112534, 0.04645461589097977, 0.04274750128388405, 0.04647184908390045, 0.052023958414793015], "val_accs": [0.34824177622795105, 0.36384889483451843, 0.34892353415489197, 0.34892353415489197, 0.3489268720149994, 0.34892353415489197, 0.3489268720149994, 0.3489268720149994, 0.34892353415489197, 0.3489268720149994], "train_acc": 0.052023958414793015, "val_acc": 0.3489268720149994, "test_acc": 0.387608140707016, "exp_name": "exp1_lr", "device": "cpu", "x_frames": 1, "y_frames": 3, "hid_dim": 10, "n_filters": 64, "filter_size": 1, "str_len": 1, "l2": 1e-05, "dropout": 0.5, "use_bn": true, "lr": 0.001, "n_layers": 1, "data": "data/ProcessedData_1.csv", "input_dim": 5, "model": "LSTM", "optim": "Adam", "batch_size": 32}