Time,UnixTime,Hr
2.96420454978943,1631600908.43581,106.6617
29.2779245376587,1631600934.74953,95.99557
141.955014467239,1631601047.42662,166.9488
