Time,UnixTime,Ibi
2.96420454978943,1631600908.43581,0.5625262
29.2779245376587,1631600934.74953,0.6250288
141.955014467239,1631601047.42662,0.3593917
